submitted_at_jst,endpoint,http_code,response_message,response_body,host,key_location,url_count,payload_sha256
2026-06-11 02:13:15 JST,https://api.indexnow.org/indexnow,202,Accepted,"",jaxassistant55.github.io,https://jaxassistant55.github.io/jax-micro-offer-studio/32ac58c2-053a-4ba2-ba9a-a6a92cdecf12.txt,44,41924806a19a0bc75bbb3e9df29c2ca8d4caafeaa6097da212fe05663fb9d8fb
2026-06-11 02:22:52 JST,https://api.indexnow.org/indexnow,200,OK,"",jaxassistant55.github.io,https://jaxassistant55.github.io/jax-micro-offer-studio/32ac58c2-053a-4ba2-ba9a-a6a92cdecf12.txt,48,25a7a6a53c71c96d1e3d2ae2394e8ebc718944ce490a645e37934bc44834f195
2026-06-11 02:35:20 JST,https://api.indexnow.org/indexnow,200,OK,"",jaxassistant55.github.io,https://jaxassistant55.github.io/jax-micro-offer-studio/32ac58c2-053a-4ba2-ba9a-a6a92cdecf12.txt,50,8b9b380a31912cd47244fe9443029d5d6a3b5b22e0b58aed2cbc0131a98d24ed
2026-06-11 02:38:23 JST,https://api.indexnow.org/indexnow,200,OK,"",jaxassistant55.github.io,https://jaxassistant55.github.io/jax-micro-offer-studio/32ac58c2-053a-4ba2-ba9a-a6a92cdecf12.txt,50,8b9b380a31912cd47244fe9443029d5d6a3b5b22e0b58aed2cbc0131a98d24ed
2026-06-11 02:43:45 JST,https://api.indexnow.org/indexnow,200,OK,"",jaxassistant55.github.io,https://jaxassistant55.github.io/jax-micro-offer-studio/32ac58c2-053a-4ba2-ba9a-a6a92cdecf12.txt,50,8b9b380a31912cd47244fe9443029d5d6a3b5b22e0b58aed2cbc0131a98d24ed
2026-06-11 02:49:51 JST,https://api.indexnow.org/indexnow,200,OK,"",jaxassistant55.github.io,https://jaxassistant55.github.io/jax-micro-offer-studio/32ac58c2-053a-4ba2-ba9a-a6a92cdecf12.txt,52,3bd37a065a9ac0454c36c7637ccf1432f75ed4d539240a477ae84c5e5005204a
2026-06-11 02:52:14 JST,https://api.indexnow.org/indexnow,200,OK,"",jaxassistant55.github.io,https://jaxassistant55.github.io/jax-micro-offer-studio/32ac58c2-053a-4ba2-ba9a-a6a92cdecf12.txt,52,3bd37a065a9ac0454c36c7637ccf1432f75ed4d539240a477ae84c5e5005204a
2026-06-11 02:59:18 JST,https://api.indexnow.org/indexnow,200,OK,"",jaxassistant55.github.io,https://jaxassistant55.github.io/jax-micro-offer-studio/32ac58c2-053a-4ba2-ba9a-a6a92cdecf12.txt,54,3a03d9eb3e244ad2941bf428760d24b30208d64878433567ed9dac3ea59b555e
2026-06-11 03:02:27 JST,https://api.indexnow.org/indexnow,200,OK,"",jaxassistant55.github.io,https://jaxassistant55.github.io/jax-micro-offer-studio/32ac58c2-053a-4ba2-ba9a-a6a92cdecf12.txt,54,3a03d9eb3e244ad2941bf428760d24b30208d64878433567ed9dac3ea59b555e
2026-06-11 03:17:37 JST,https://api.indexnow.org/indexnow,200,OK,"",jaxassistant55.github.io,https://jaxassistant55.github.io/jax-micro-offer-studio/32ac58c2-053a-4ba2-ba9a-a6a92cdecf12.txt,56,5cd506cfa3710ef916ac3dd0dcb81863387a3f0e319f45d70f7c1696746199b6
2026-06-11 03:26:38 JST,https://api.indexnow.org/indexnow,200,OK,"",jaxassistant55.github.io,https://jaxassistant55.github.io/jax-micro-offer-studio/32ac58c2-053a-4ba2-ba9a-a6a92cdecf12.txt,58,54944faee458715bd76fdc5ca29f6f733464fed22e6762706a8b83d66b0a4cd0
2026-06-11 03:34:10 JST,https://api.indexnow.org/indexnow,200,OK,"",jaxassistant55.github.io,https://jaxassistant55.github.io/jax-micro-offer-studio/32ac58c2-053a-4ba2-ba9a-a6a92cdecf12.txt,60,13d4d474f81c3dba8f5217746700c79feb33a4ad0d3584aea37e6d8d371ac690
2026-06-11 03:41:42 JST,https://api.indexnow.org/indexnow,200,OK,"",jaxassistant55.github.io,https://jaxassistant55.github.io/jax-micro-offer-studio/32ac58c2-053a-4ba2-ba9a-a6a92cdecf12.txt,61,ae7c396ebc7d9e7ea3931df7e7cdabc73410f43170b64f6c1084a7417e33ffdf
2026-06-11 03:49:16 JST,https://api.indexnow.org/indexnow,200,OK,"",jaxassistant55.github.io,https://jaxassistant55.github.io/jax-micro-offer-studio/32ac58c2-053a-4ba2-ba9a-a6a92cdecf12.txt,62,6bbe41f47cbb96b17f076bd43a35ba44e8ea9c2a22b4c02faa2a1371bc386a9c
2026-06-11 03:59:50 JST,https://api.indexnow.org/indexnow,200,OK,"",jaxassistant55.github.io,https://jaxassistant55.github.io/jax-micro-offer-studio/32ac58c2-053a-4ba2-ba9a-a6a92cdecf12.txt,63,8aee6102b1b728ab36897407d661c57a92df01aac3b807188f0694a4fae8046e
2026-06-11 04:09:36 JST,https://api.indexnow.org/indexnow,200,OK,"",jaxassistant55.github.io,https://jaxassistant55.github.io/jax-micro-offer-studio/32ac58c2-053a-4ba2-ba9a-a6a92cdecf12.txt,64,9f4725a754c00c3d98b59b0fab4b3ec8b2a7c880b105a95e8989320d82b1ba88
2026-06-11 04:18:26 JST,https://api.indexnow.org/indexnow,200,OK,"",jaxassistant55.github.io,https://jaxassistant55.github.io/jax-micro-offer-studio/32ac58c2-053a-4ba2-ba9a-a6a92cdecf12.txt,65,79bd5fc74d0a6a5f829a7a681b6bd8f71967b869f5a52b29390176f108c8dc8b
2026-06-11 04:36:02 JST,https://api.indexnow.org/indexnow,200,OK,"",jaxassistant55.github.io,https://jaxassistant55.github.io/jax-micro-offer-studio/32ac58c2-053a-4ba2-ba9a-a6a92cdecf12.txt,66,e41d60b6cd8525f79c9cd0d49b961a30405059384087d5d1c70aec9c672ef245
2026-06-11 04:43:28 JST,https://api.indexnow.org/indexnow,200,OK,"",jaxassistant55.github.io,https://jaxassistant55.github.io/jax-micro-offer-studio/32ac58c2-053a-4ba2-ba9a-a6a92cdecf12.txt,69,c1b099686981ec5af48266655ca201e25a482b0cc2d99aa57415d785001d3ec2
2026-06-11 04:50:29 JST,https://api.indexnow.org/indexnow,200,OK,"",jaxassistant55.github.io,https://jaxassistant55.github.io/jax-micro-offer-studio/32ac58c2-053a-4ba2-ba9a-a6a92cdecf12.txt,81,a78688037a55205713b919bf536d1436ed41d20552f4d1e0076ba8c1f882a227
2026-06-11 05:23:23 JST,https://api.indexnow.org/indexnow,200,OK,"",jaxassistant55.github.io,https://jaxassistant55.github.io/jax-micro-offer-studio/32ac58c2-053a-4ba2-ba9a-a6a92cdecf12.txt,83,f48741d66935a13c3c32128f09c73affeab3b4f3df4323ffbe57bd5e4c4f42a9
2026-06-11 05:39:12 JST,https://api.indexnow.org/indexnow,422,Unprocessable Entity,"{""errorCode"":""InvalidRequestParameters"",""message"":""One or more URLs are not related to your site verified through the keylocation parameter. Please verify URLs before submitting."",""details"":null}",jaxassistant55.github.io,https://jaxassistant55.github.io/jax-micro-offer-studio/32ac58c2-053a-4ba2-ba9a-a6a92cdecf12.txt,94,d47eca595e37c34503f94af1da22d1ff99302abbb1d004b758d3229aa6a7c599
2026-06-11 05:39:47 JST,https://api.indexnow.org/indexnow,200,OK,"",jaxassistant55.github.io,https://jaxassistant55.github.io/jax-micro-offer-studio/32ac58c2-053a-4ba2-ba9a-a6a92cdecf12.txt,83,f48741d66935a13c3c32128f09c73affeab3b4f3df4323ffbe57bd5e4c4f42a9
2026-06-11 05:48:44 JST,https://api.indexnow.org/indexnow,200,OK,"",jaxassistant55.github.io,https://jaxassistant55.github.io/jax-micro-offer-studio/32ac58c2-053a-4ba2-ba9a-a6a92cdecf12.txt,83,f48741d66935a13c3c32128f09c73affeab3b4f3df4323ffbe57bd5e4c4f42a9
2026-06-11 05:57:12 JST,https://api.indexnow.org/indexnow,200,OK,"",jaxassistant55.github.io,https://jaxassistant55.github.io/jax-micro-offer-studio/32ac58c2-053a-4ba2-ba9a-a6a92cdecf12.txt,83,f48741d66935a13c3c32128f09c73affeab3b4f3df4323ffbe57bd5e4c4f42a9
2026-06-11 06:08:03 JST,https://api.indexnow.org/indexnow,200,OK,"",jaxassistant55.github.io,https://jaxassistant55.github.io/jax-micro-offer-studio/32ac58c2-053a-4ba2-ba9a-a6a92cdecf12.txt,84,a83525f8bdc50b4d768f12473157f147b86b5a7ca22ee7e7e70dcdc4d4a5b74e
2026-06-11 06:31:05 JST,https://api.indexnow.org/indexnow,200,OK,"",jaxassistant55.github.io,https://jaxassistant55.github.io/jax-micro-offer-studio/32ac58c2-053a-4ba2-ba9a-a6a92cdecf12.txt,84,a83525f8bdc50b4d768f12473157f147b86b5a7ca22ee7e7e70dcdc4d4a5b74e
2026-06-11 07:00:00 JST,https://api.indexnow.org/indexnow,200,OK,"",jaxassistant55.github.io,https://jaxassistant55.github.io/jax-micro-offer-studio/32ac58c2-053a-4ba2-ba9a-a6a92cdecf12.txt,84,a83525f8bdc50b4d768f12473157f147b86b5a7ca22ee7e7e70dcdc4d4a5b74e
2026-06-11 07:10:32 JST,https://api.indexnow.org/indexnow,200,OK,"",jaxassistant55.github.io,https://jaxassistant55.github.io/jax-micro-offer-studio/32ac58c2-053a-4ba2-ba9a-a6a92cdecf12.txt,97,78107850cb9e9b37195acc2c9ef4312783540ff1913fca31baeedd45eca459b6
2026-06-11 07:28:54 JST,https://api.indexnow.org/indexnow,200,OK,"",jaxassistant55.github.io,https://jaxassistant55.github.io/jax-micro-offer-studio/32ac58c2-053a-4ba2-ba9a-a6a92cdecf12.txt,97,78107850cb9e9b37195acc2c9ef4312783540ff1913fca31baeedd45eca459b6
2026-06-11 07:34:35 JST,https://api.indexnow.org/indexnow,200,OK,"",jaxassistant55.github.io,https://jaxassistant55.github.io/jax-micro-offer-studio/32ac58c2-053a-4ba2-ba9a-a6a92cdecf12.txt,99,ec8d3de983014706cc5e16e5738b55969b0f9c6749bc01e62ffb49be8797d03e
2026-06-11 07:57:24 JST,https://api.indexnow.org/indexnow,200,OK,"",jaxassistant55.github.io,https://jaxassistant55.github.io/jax-micro-offer-studio/32ac58c2-053a-4ba2-ba9a-a6a92cdecf12.txt,101,155c5e42d662919f5cace75d7228f8652fc47f9aa3702e460abf18084e591441
2026-06-11 08:06:28 JST,https://api.indexnow.org/indexnow,200,OK,"",jaxassistant55.github.io,https://jaxassistant55.github.io/jax-micro-offer-studio/32ac58c2-053a-4ba2-ba9a-a6a92cdecf12.txt,101,155c5e42d662919f5cace75d7228f8652fc47f9aa3702e460abf18084e591441
2026-06-11 08:18:35 JST,https://api.indexnow.org/indexnow,200,OK,"",jaxassistant55.github.io,https://jaxassistant55.github.io/jax-micro-offer-studio/32ac58c2-053a-4ba2-ba9a-a6a92cdecf12.txt,103,294cbe4e5033c580afe9ccb8efb83a3cc2c4648640ccdb4b25f538b8e6df01d1
2026-06-11 08:26:38 JST,https://api.indexnow.org/indexnow,200,OK,"",jaxassistant55.github.io,https://jaxassistant55.github.io/jax-micro-offer-studio/32ac58c2-053a-4ba2-ba9a-a6a92cdecf12.txt,105,2f4376699d7f540d026ef5ff5fedb4ff41328a38e079108b75dafd295900fe25
2026-06-11 08:44:03 JST,https://api.indexnow.org/indexnow,200,OK,"",jaxassistant55.github.io,https://jaxassistant55.github.io/jax-micro-offer-studio/32ac58c2-053a-4ba2-ba9a-a6a92cdecf12.txt,105,2f4376699d7f540d026ef5ff5fedb4ff41328a38e079108b75dafd295900fe25
2026-06-11 08:54:30 JST,https://api.indexnow.org/indexnow,200,OK,"",jaxassistant55.github.io,https://jaxassistant55.github.io/jax-micro-offer-studio/32ac58c2-053a-4ba2-ba9a-a6a92cdecf12.txt,108,0d4c78734a08d4e5ff5e865a0befd1f325825490c7769644f992c8be80e1a72c
2026-06-11 09:12:14 JST,https://api.indexnow.org/indexnow,200,OK,"",jaxassistant55.github.io,https://jaxassistant55.github.io/jax-micro-offer-studio/32ac58c2-053a-4ba2-ba9a-a6a92cdecf12.txt,108,0d4c78734a08d4e5ff5e865a0befd1f325825490c7769644f992c8be80e1a72c
2026-06-11 09:16:58 JST,https://api.indexnow.org/indexnow,200,OK,"",jaxassistant55.github.io,https://jaxassistant55.github.io/jax-micro-offer-studio/32ac58c2-053a-4ba2-ba9a-a6a92cdecf12.txt,108,0d4c78734a08d4e5ff5e865a0befd1f325825490c7769644f992c8be80e1a72c
2026-06-11 09:29:09 JST,https://api.indexnow.org/indexnow,200,OK,"",jaxassistant55.github.io,https://jaxassistant55.github.io/jax-micro-offer-studio/32ac58c2-053a-4ba2-ba9a-a6a92cdecf12.txt,108,0d4c78734a08d4e5ff5e865a0befd1f325825490c7769644f992c8be80e1a72c
2026-06-11 09:34:19 JST,https://api.indexnow.org/indexnow,200,OK,"",jaxassistant55.github.io,https://jaxassistant55.github.io/jax-micro-offer-studio/32ac58c2-053a-4ba2-ba9a-a6a92cdecf12.txt,108,0d4c78734a08d4e5ff5e865a0befd1f325825490c7769644f992c8be80e1a72c
2026-06-11 09:51:26 JST,https://api.indexnow.org/indexnow,200,OK,"",jaxassistant55.github.io,https://jaxassistant55.github.io/jax-micro-offer-studio/32ac58c2-053a-4ba2-ba9a-a6a92cdecf12.txt,108,0d4c78734a08d4e5ff5e865a0befd1f325825490c7769644f992c8be80e1a72c
2026-06-11 10:00:23 JST,https://api.indexnow.org/indexnow,200,OK,"",jaxassistant55.github.io,https://jaxassistant55.github.io/jax-micro-offer-studio/32ac58c2-053a-4ba2-ba9a-a6a92cdecf12.txt,126,85a24bc3ebc37e293cd75f68da02fbcbb8ba50e3c919fd49d8bb3597a548a7f8
2026-06-11 10:17:51 JST,https://api.indexnow.org/indexnow,200,OK,"",jaxassistant55.github.io,https://jaxassistant55.github.io/jax-micro-offer-studio/32ac58c2-053a-4ba2-ba9a-a6a92cdecf12.txt,127,df9b3a5a4a9452a93b9767ab1ff1f16feb6424372eacc89912bdde641bba430a
2026-06-11 10:26:37 JST,https://api.indexnow.org/indexnow,200,OK,"",jaxassistant55.github.io,https://jaxassistant55.github.io/jax-micro-offer-studio/32ac58c2-053a-4ba2-ba9a-a6a92cdecf12.txt,127,df9b3a5a4a9452a93b9767ab1ff1f16feb6424372eacc89912bdde641bba430a
2026-06-11 10:33:18 JST,https://api.indexnow.org/indexnow,200,OK,"",jaxassistant55.github.io,https://jaxassistant55.github.io/jax-micro-offer-studio/32ac58c2-053a-4ba2-ba9a-a6a92cdecf12.txt,127,df9b3a5a4a9452a93b9767ab1ff1f16feb6424372eacc89912bdde641bba430a
2026-06-11 11:01:28 JST,https://api.indexnow.org/indexnow,200,OK,"",jaxassistant55.github.io,https://jaxassistant55.github.io/jax-micro-offer-studio/32ac58c2-053a-4ba2-ba9a-a6a92cdecf12.txt,127,df9b3a5a4a9452a93b9767ab1ff1f16feb6424372eacc89912bdde641bba430a
2026-06-11 11:31:41 JST,https://api.indexnow.org/indexnow,"",200,"",200,jaxassistant55.github.io,https://jaxassistant55.github.io/jax-micro-offer-studio/32ac58c2-053a-4ba2-ba9a-a6a92cdecf12.txt,129,d09259f78d60a56f97f0a2154e1bbeb6bcb9fe684641c97a03d925028ac0d1b9
2026-06-11 11:31:58 JST,https://api.indexnow.org/indexnow,200,OK,"","",jaxassistant55.github.io,https://jaxassistant55.github.io/jax-micro-offer-studio/32ac58c2-053a-4ba2-ba9a-a6a92cdecf12.txt,129,d09259f78d60a56f97f0a2154e1bbeb6bcb9fe684641c97a03d925028ac0d1b9
2026-06-11 12:21:11 JST,https://api.indexnow.org/indexnow,200,OK,"",jaxassistant55.github.io,https://jaxassistant55.github.io/jax-micro-offer-studio/32ac58c2-053a-4ba2-ba9a-a6a92cdecf12.txt,129,0826cc3e3300b824dda38b0f31e34d065d55f0405a61dc716984ff5474b84fe2
2026-06-11 12:27:29 JST,https://api.indexnow.org/indexnow,200,OK,"",jaxassistant55.github.io,https://jaxassistant55.github.io/jax-micro-offer-studio/32ac58c2-053a-4ba2-ba9a-a6a92cdecf12.txt,129,0826cc3e3300b824dda38b0f31e34d065d55f0405a61dc716984ff5474b84fe2
2026-06-11 12:34:12 JST,https://api.indexnow.org/indexnow,200,OK,"",jaxassistant55.github.io,https://jaxassistant55.github.io/jax-micro-offer-studio/32ac58c2-053a-4ba2-ba9a-a6a92cdecf12.txt,131,d41bbab5fd0a37f453440b04352134a88a6269dca396d9879c8ba0a62f659f31
2026-06-11 12:50:47 JST,https://api.indexnow.org/indexnow,200,OK,"",jaxassistant55.github.io,https://jaxassistant55.github.io/jax-micro-offer-studio/32ac58c2-053a-4ba2-ba9a-a6a92cdecf12.txt,131,d41bbab5fd0a37f453440b04352134a88a6269dca396d9879c8ba0a62f659f31
2026-06-11 13:07:51 JST,https://api.indexnow.org/indexnow,200,OK,"",jaxassistant55.github.io,https://jaxassistant55.github.io/jax-micro-offer-studio/32ac58c2-053a-4ba2-ba9a-a6a92cdecf12.txt,131,d41bbab5fd0a37f453440b04352134a88a6269dca396d9879c8ba0a62f659f31
2026-06-11 13:22:46 JST,https://api.indexnow.org/indexnow,200,OK,"",jaxassistant55.github.io,https://jaxassistant55.github.io/jax-micro-offer-studio/32ac58c2-053a-4ba2-ba9a-a6a92cdecf12.txt,131,d41bbab5fd0a37f453440b04352134a88a6269dca396d9879c8ba0a62f659f31
2026-06-11 13:28:30 JST,https://api.indexnow.org/indexnow,200,OK,"",jaxassistant55.github.io,https://jaxassistant55.github.io/jax-micro-offer-studio/32ac58c2-053a-4ba2-ba9a-a6a92cdecf12.txt,131,d41bbab5fd0a37f453440b04352134a88a6269dca396d9879c8ba0a62f659f31
2026-06-11 13:43:40 JST,https://api.indexnow.org/indexnow,200,OK,"",jaxassistant55.github.io,https://jaxassistant55.github.io/jax-micro-offer-studio/32ac58c2-053a-4ba2-ba9a-a6a92cdecf12.txt,133,67ced10b8313b9ca87d9bc05045f7f267078d2aa795c3b8fe664b4a92dbe6608
2026-06-11 13:47:55 JST,https://api.indexnow.org/indexnow,200,OK,"",jaxassistant55.github.io,https://jaxassistant55.github.io/jax-micro-offer-studio/32ac58c2-053a-4ba2-ba9a-a6a92cdecf12.txt,133,67ced10b8313b9ca87d9bc05045f7f267078d2aa795c3b8fe664b4a92dbe6608
2026-06-11 13:58:37 JST,https://api.indexnow.org/indexnow,200,OK,"",jaxassistant55.github.io,https://jaxassistant55.github.io/jax-micro-offer-studio/32ac58c2-053a-4ba2-ba9a-a6a92cdecf12.txt,133,67ced10b8313b9ca87d9bc05045f7f267078d2aa795c3b8fe664b4a92dbe6608
2026-06-11 14:08:26 JST,https://api.indexnow.org/indexnow,200,OK,"",jaxassistant55.github.io,https://jaxassistant55.github.io/jax-micro-offer-studio/32ac58c2-053a-4ba2-ba9a-a6a92cdecf12.txt,133,67ced10b8313b9ca87d9bc05045f7f267078d2aa795c3b8fe664b4a92dbe6608
2026-06-11 14:18:09 JST,https://api.indexnow.org/indexnow,200,OK,"",jaxassistant55.github.io,https://jaxassistant55.github.io/jax-micro-offer-studio/32ac58c2-053a-4ba2-ba9a-a6a92cdecf12.txt,133,67ced10b8313b9ca87d9bc05045f7f267078d2aa795c3b8fe664b4a92dbe6608
2026-06-11 14:25:11 JST,https://api.indexnow.org/indexnow,200,OK,"",jaxassistant55.github.io,https://jaxassistant55.github.io/jax-micro-offer-studio/32ac58c2-053a-4ba2-ba9a-a6a92cdecf12.txt,133,67ced10b8313b9ca87d9bc05045f7f267078d2aa795c3b8fe664b4a92dbe6608
2026-06-11 14:30:04 JST,https://api.indexnow.org/indexnow,200,OK,"",jaxassistant55.github.io,https://jaxassistant55.github.io/jax-micro-offer-studio/32ac58c2-053a-4ba2-ba9a-a6a92cdecf12.txt,133,67ced10b8313b9ca87d9bc05045f7f267078d2aa795c3b8fe664b4a92dbe6608
2026-06-11 14:42:58 JST,https://api.indexnow.org/indexnow,200,OK,"",jaxassistant55.github.io,https://jaxassistant55.github.io/jax-micro-offer-studio/32ac58c2-053a-4ba2-ba9a-a6a92cdecf12.txt,137,6e05269b0c5993a3f5f37e91826368bb4e3c9b87e985afbe1a5c059d25bb6b0a
2026-06-11 14:51:15 JST,https://api.indexnow.org/indexnow,200,OK,"",jaxassistant55.github.io,https://jaxassistant55.github.io/jax-micro-offer-studio/32ac58c2-053a-4ba2-ba9a-a6a92cdecf12.txt,137,6e05269b0c5993a3f5f37e91826368bb4e3c9b87e985afbe1a5c059d25bb6b0a
2026-06-11 15:02:30 JST,https://api.indexnow.org/indexnow,200,OK,"",jaxassistant55.github.io,https://jaxassistant55.github.io/jax-micro-offer-studio/32ac58c2-053a-4ba2-ba9a-a6a92cdecf12.txt,137,6e05269b0c5993a3f5f37e91826368bb4e3c9b87e985afbe1a5c059d25bb6b0a
2026-06-11 15:21:52 JST,https://api.indexnow.org/indexnow,200,OK,"",jaxassistant55.github.io,https://jaxassistant55.github.io/jax-micro-offer-studio/32ac58c2-053a-4ba2-ba9a-a6a92cdecf12.txt,137,6e05269b0c5993a3f5f37e91826368bb4e3c9b87e985afbe1a5c059d25bb6b0a
2026-06-11 15:33:34 JST,https://api.indexnow.org/indexnow,200,OK,"",jaxassistant55.github.io,https://jaxassistant55.github.io/jax-micro-offer-studio/32ac58c2-053a-4ba2-ba9a-a6a92cdecf12.txt,137,6e05269b0c5993a3f5f37e91826368bb4e3c9b87e985afbe1a5c059d25bb6b0a
2026-06-11 15:41:12 JST,https://api.indexnow.org/indexnow,200,OK,"",jaxassistant55.github.io,https://jaxassistant55.github.io/jax-micro-offer-studio/32ac58c2-053a-4ba2-ba9a-a6a92cdecf12.txt,137,6e05269b0c5993a3f5f37e91826368bb4e3c9b87e985afbe1a5c059d25bb6b0a
2026-06-11 15:56:15 JST,https://api.indexnow.org/indexnow,200,OK,"",jaxassistant55.github.io,https://jaxassistant55.github.io/jax-micro-offer-studio/32ac58c2-053a-4ba2-ba9a-a6a92cdecf12.txt,140,636f513f1cb18d015e11912f7c4630469a9ff9c3692b8d0173dd85568e6a03fc
2026-06-11 16:10:21 JST,https://api.indexnow.org/indexnow,200,OK,"",jaxassistant55.github.io,https://jaxassistant55.github.io/jax-micro-offer-studio/32ac58c2-053a-4ba2-ba9a-a6a92cdecf12.txt,140,636f513f1cb18d015e11912f7c4630469a9ff9c3692b8d0173dd85568e6a03fc
2026-06-11 16:32:25 JST,https://api.indexnow.org/indexnow,200,OK,"",jaxassistant55.github.io,https://jaxassistant55.github.io/jax-micro-offer-studio/32ac58c2-053a-4ba2-ba9a-a6a92cdecf12.txt,144,6aa77a2325c6d2bd1d639378ad32bb6160c02047caa69b1d6c2707edff5a1cb9
2026-06-11 16:38:57 JST,https://api.indexnow.org/indexnow,200,OK,"",jaxassistant55.github.io,https://jaxassistant55.github.io/jax-micro-offer-studio/32ac58c2-053a-4ba2-ba9a-a6a92cdecf12.txt,145,ea8361ee2b33826218041243ac4de24892714c90d87176eff127622be28fee78
2026-06-11 16:52:18 JST,https://api.indexnow.org/indexnow,200,OK,"",jaxassistant55.github.io,https://jaxassistant55.github.io/jax-micro-offer-studio/32ac58c2-053a-4ba2-ba9a-a6a92cdecf12.txt,145,ea8361ee2b33826218041243ac4de24892714c90d87176eff127622be28fee78
2026-06-11 16:59:49 JST,https://api.indexnow.org/indexnow,200,OK,"",jaxassistant55.github.io,https://jaxassistant55.github.io/jax-micro-offer-studio/32ac58c2-053a-4ba2-ba9a-a6a92cdecf12.txt,145,ea8361ee2b33826218041243ac4de24892714c90d87176eff127622be28fee78
2026-06-11 17:25:53 JST,https://api.indexnow.org/indexnow,200,OK,"",jaxassistant55.github.io,https://jaxassistant55.github.io/jax-micro-offer-studio/32ac58c2-053a-4ba2-ba9a-a6a92cdecf12.txt,145,ea8361ee2b33826218041243ac4de24892714c90d87176eff127622be28fee78
2026-06-11 17:27:21 JST,https://api.indexnow.org/indexnow,200,OK,"",jaxassistant55.github.io,https://jaxassistant55.github.io/jax-micro-offer-studio/32ac58c2-053a-4ba2-ba9a-a6a92cdecf12.txt,145,ea8361ee2b33826218041243ac4de24892714c90d87176eff127622be28fee78
2026-06-11 17:32:55 JST,https://api.indexnow.org/indexnow,200,OK,"",jaxassistant55.github.io,https://jaxassistant55.github.io/jax-micro-offer-studio/32ac58c2-053a-4ba2-ba9a-a6a92cdecf12.txt,145,ea8361ee2b33826218041243ac4de24892714c90d87176eff127622be28fee78
