type,title,slug,price,amount,first_100,detail_url,ready_to_pay_url,template_url
product,HTML5 Micro Game Kit,html5-micro-game-kit,$19,19.0,6 sales at $19 clears $100 gross.,https://jaxassistant55.github.io/jax-micro-offer-studio/html5-micro-game-kit.html,https://github.com/jaxassistant55/jax-micro-offer-studio/issues/new?template=ready-to-pay.md&title=Ready+to+pay%3A+HTML5+Micro+Game+Kit&labels=paid-inquiry%2Cready-to-pay&body=%23%23+Ready-to-pay+intake%0A%0AOffer%3A+HTML5+Micro+Game+Kit%0AListed+price%3A+%2419%0AOffer+page%3A+https%3A%2F%2Fjaxassistant55.github.io%2Fjax-micro-offer-studio%2Fhtml5-micro-game-kit.html%0AOffer+type%3A+product%0A%0ARequested+quantity+or+scope%3A%0APayment%2Fproof+route%3A%0ADeadline%3A%0AAcceptance+proof%3A%0ADelivery+preference%3A%0A%0ASafety+confirmation%3A%0A-+I+will+not+post+passwords%2C+payment+cards%2C+tax+identifiers%2C+medical%2Flegal%2Ffinancial+private+details%2C+or+files+I+am+not+authorized+to+share.%0A-+I+understand+this+issue+is+not+payment+by+itself%3B+money+counts+only+after+external+payment+or+payout+proof+exists.%0A,https://github.com/jaxassistant55/jax-micro-offer-studio/issues/new?template=product-transfer.yml&title=Product+transfer%3A+HTML5+Micro+Game+Kit
product,Procedural SFX Pack,procedural-sfx-pack,$12,12.0,9 sales at $12 clears $100 gross.,https://jaxassistant55.github.io/jax-micro-offer-studio/procedural-sfx-pack.html,https://github.com/jaxassistant55/jax-micro-offer-studio/issues/new?template=ready-to-pay.md&title=Ready+to+pay%3A+Procedural+SFX+Pack&labels=paid-inquiry%2Cready-to-pay&body=%23%23+Ready-to-pay+intake%0A%0AOffer%3A+Procedural+SFX+Pack%0AListed+price%3A+%2412%0AOffer+page%3A+https%3A%2F%2Fjaxassistant55.github.io%2Fjax-micro-offer-studio%2Fprocedural-sfx-pack.html%0AOffer+type%3A+product%0A%0ARequested+quantity+or+scope%3A%0APayment%2Fproof+route%3A%0ADeadline%3A%0AAcceptance+proof%3A%0ADelivery+preference%3A%0A%0ASafety+confirmation%3A%0A-+I+will+not+post+passwords%2C+payment+cards%2C+tax+identifiers%2C+medical%2Flegal%2Ffinancial+private+details%2C+or+files+I+am+not+authorized+to+share.%0A-+I+understand+this+issue+is+not+payment+by+itself%3B+money+counts+only+after+external+payment+or+payout+proof+exists.%0A,https://github.com/jaxassistant55/jax-micro-offer-studio/issues/new?template=product-transfer.yml&title=Product+transfer%3A+Procedural+SFX+Pack
product,SVG Icon Pack,svg-icon-pack,$15,15.0,7 sales at $15 clears $100 gross.,https://jaxassistant55.github.io/jax-micro-offer-studio/svg-icon-pack.html,https://github.com/jaxassistant55/jax-micro-offer-studio/issues/new?template=ready-to-pay.md&title=Ready+to+pay%3A+SVG+Icon+Pack&labels=paid-inquiry%2Cready-to-pay&body=%23%23+Ready-to-pay+intake%0A%0AOffer%3A+SVG+Icon+Pack%0AListed+price%3A+%2415%0AOffer+page%3A+https%3A%2F%2Fjaxassistant55.github.io%2Fjax-micro-offer-studio%2Fsvg-icon-pack.html%0AOffer+type%3A+product%0A%0ARequested+quantity+or+scope%3A%0APayment%2Fproof+route%3A%0ADeadline%3A%0AAcceptance+proof%3A%0ADelivery+preference%3A%0A%0ASafety+confirmation%3A%0A-+I+will+not+post+passwords%2C+payment+cards%2C+tax+identifiers%2C+medical%2Flegal%2Ffinancial+private+details%2C+or+files+I+am+not+authorized+to+share.%0A-+I+understand+this+issue+is+not+payment+by+itself%3B+money+counts+only+after+external+payment+or+payout+proof+exists.%0A,https://github.com/jaxassistant55/jax-micro-offer-studio/issues/new?template=product-transfer.yml&title=Product+transfer%3A+SVG+Icon+Pack
product,Printable Puzzle and Planner Pack,printable-puzzle-and-planner-pack,$14,14.0,8 sales at $14 clears $100 gross.,https://jaxassistant55.github.io/jax-micro-offer-studio/printable-puzzle-and-planner-pack.html,https://github.com/jaxassistant55/jax-micro-offer-studio/issues/new?template=ready-to-pay.md&title=Ready+to+pay%3A+Printable+Puzzle+and+Planner+Pack&labels=paid-inquiry%2Cready-to-pay&body=%23%23+Ready-to-pay+intake%0A%0AOffer%3A+Printable+Puzzle+and+Planner+Pack%0AListed+price%3A+%2414%0AOffer+page%3A+https%3A%2F%2Fjaxassistant55.github.io%2Fjax-micro-offer-studio%2Fprintable-puzzle-and-planner-pack.html%0AOffer+type%3A+product%0A%0ARequested+quantity+or+scope%3A%0APayment%2Fproof+route%3A%0ADeadline%3A%0AAcceptance+proof%3A%0ADelivery+preference%3A%0A%0ASafety+confirmation%3A%0A-+I+will+not+post+passwords%2C+payment+cards%2C+tax+identifiers%2C+medical%2Flegal%2Ffinancial+private+details%2C+or+files+I+am+not+authorized+to+share.%0A-+I+understand+this+issue+is+not+payment+by+itself%3B+money+counts+only+after+external+payment+or+payout+proof+exists.%0A,https://github.com/jaxassistant55/jax-micro-offer-studio/issues/new?template=product-transfer.yml&title=Product+transfer%3A+Printable+Puzzle+and+Planner+Pack
product,Synthetic Mock Dataset Pack,synthetic-mock-dataset-pack,$19,19.0,6 sales at $19 clears $100 gross.,https://jaxassistant55.github.io/jax-micro-offer-studio/synthetic-mock-dataset-pack.html,https://github.com/jaxassistant55/jax-micro-offer-studio/issues/new?template=ready-to-pay.md&title=Ready+to+pay%3A+Synthetic+Mock+Dataset+Pack&labels=paid-inquiry%2Cready-to-pay&body=%23%23+Ready-to-pay+intake%0A%0AOffer%3A+Synthetic+Mock+Dataset+Pack%0AListed+price%3A+%2419%0AOffer+page%3A+https%3A%2F%2Fjaxassistant55.github.io%2Fjax-micro-offer-studio%2Fsynthetic-mock-dataset-pack.html%0AOffer+type%3A+product%0A%0ARequested+quantity+or+scope%3A%0APayment%2Fproof+route%3A%0ADeadline%3A%0AAcceptance+proof%3A%0ADelivery+preference%3A%0A%0ASafety+confirmation%3A%0A-+I+will+not+post+passwords%2C+payment+cards%2C+tax+identifiers%2C+medical%2Flegal%2Ffinancial+private+details%2C+or+files+I+am+not+authorized+to+share.%0A-+I+understand+this+issue+is+not+payment+by+itself%3B+money+counts+only+after+external+payment+or+payout+proof+exists.%0A,https://github.com/jaxassistant55/jax-micro-offer-studio/issues/new?template=product-transfer.yml&title=Product+transfer%3A+Synthetic+Mock+Dataset+Pack
product,Browser Extension Template,browser-extension-template,$29,29.0,4 sales at $29 clears $100 gross.,https://jaxassistant55.github.io/jax-micro-offer-studio/browser-extension-template.html,https://github.com/jaxassistant55/jax-micro-offer-studio/issues/new?template=ready-to-pay.md&title=Ready+to+pay%3A+Browser+Extension+Template&labels=paid-inquiry%2Cready-to-pay&body=%23%23+Ready-to-pay+intake%0A%0AOffer%3A+Browser+Extension+Template%0AListed+price%3A+%2429%0AOffer+page%3A+https%3A%2F%2Fjaxassistant55.github.io%2Fjax-micro-offer-studio%2Fbrowser-extension-template.html%0AOffer+type%3A+product%0A%0ARequested+quantity+or+scope%3A%0APayment%2Fproof+route%3A%0ADeadline%3A%0AAcceptance+proof%3A%0ADelivery+preference%3A%0A%0ASafety+confirmation%3A%0A-+I+will+not+post+passwords%2C+payment+cards%2C+tax+identifiers%2C+medical%2Flegal%2Ffinancial+private+details%2C+or+files+I+am+not+authorized+to+share.%0A-+I+understand+this+issue+is+not+payment+by+itself%3B+money+counts+only+after+external+payment+or+payout+proof+exists.%0A,https://github.com/jaxassistant55/jax-micro-offer-studio/issues/new?template=product-transfer.yml&title=Product+transfer%3A+Browser+Extension+Template
product,CSV CLI Toolkit,csv-cli-toolkit,$19,19.0,6 sales at $19 clears $100 gross.,https://jaxassistant55.github.io/jax-micro-offer-studio/csv-cli-toolkit.html,https://github.com/jaxassistant55/jax-micro-offer-studio/issues/new?template=ready-to-pay.md&title=Ready+to+pay%3A+CSV+CLI+Toolkit&labels=paid-inquiry%2Cready-to-pay&body=%23%23+Ready-to-pay+intake%0A%0AOffer%3A+CSV+CLI+Toolkit%0AListed+price%3A+%2419%0AOffer+page%3A+https%3A%2F%2Fjaxassistant55.github.io%2Fjax-micro-offer-studio%2Fcsv-cli-toolkit.html%0AOffer+type%3A+product%0A%0ARequested+quantity+or+scope%3A%0APayment%2Fproof+route%3A%0ADeadline%3A%0AAcceptance+proof%3A%0ADelivery+preference%3A%0A%0ASafety+confirmation%3A%0A-+I+will+not+post+passwords%2C+payment+cards%2C+tax+identifiers%2C+medical%2Flegal%2Ffinancial+private+details%2C+or+files+I+am+not+authorized+to+share.%0A-+I+understand+this+issue+is+not+payment+by+itself%3B+money+counts+only+after+external+payment+or+payout+proof+exists.%0A,https://github.com/jaxassistant55/jax-micro-offer-studio/issues/new?template=product-transfer.yml&title=Product+transfer%3A+CSV+CLI+Toolkit
product,CSS Component Pack,css-component-pack,$19,19.0,6 sales at $19 clears $100 gross.,https://jaxassistant55.github.io/jax-micro-offer-studio/css-component-pack.html,https://github.com/jaxassistant55/jax-micro-offer-studio/issues/new?template=ready-to-pay.md&title=Ready+to+pay%3A+CSS+Component+Pack&labels=paid-inquiry%2Cready-to-pay&body=%23%23+Ready-to-pay+intake%0A%0AOffer%3A+CSS+Component+Pack%0AListed+price%3A+%2419%0AOffer+page%3A+https%3A%2F%2Fjaxassistant55.github.io%2Fjax-micro-offer-studio%2Fcss-component-pack.html%0AOffer+type%3A+product%0A%0ARequested+quantity+or+scope%3A%0APayment%2Fproof+route%3A%0ADeadline%3A%0AAcceptance+proof%3A%0ADelivery+preference%3A%0A%0ASafety+confirmation%3A%0A-+I+will+not+post+passwords%2C+payment+cards%2C+tax+identifiers%2C+medical%2Flegal%2Ffinancial+private+details%2C+or+files+I+am+not+authorized+to+share.%0A-+I+understand+this+issue+is+not+payment+by+itself%3B+money+counts+only+after+external+payment+or+payout+proof+exists.%0A,https://github.com/jaxassistant55/jax-micro-offer-studio/issues/new?template=product-transfer.yml&title=Product+transfer%3A+CSS+Component+Pack
product,SVG Wallpaper Pattern Pack,svg-wallpaper-pattern-pack,$9,9.0,12 sales at $9 clears $100 gross.,https://jaxassistant55.github.io/jax-micro-offer-studio/svg-wallpaper-pattern-pack.html,https://github.com/jaxassistant55/jax-micro-offer-studio/issues/new?template=ready-to-pay.md&title=Ready+to+pay%3A+SVG+Wallpaper+Pattern+Pack&labels=paid-inquiry%2Cready-to-pay&body=%23%23+Ready-to-pay+intake%0A%0AOffer%3A+SVG+Wallpaper+Pattern+Pack%0AListed+price%3A+%249%0AOffer+page%3A+https%3A%2F%2Fjaxassistant55.github.io%2Fjax-micro-offer-studio%2Fsvg-wallpaper-pattern-pack.html%0AOffer+type%3A+product%0A%0ARequested+quantity+or+scope%3A%0APayment%2Fproof+route%3A%0ADeadline%3A%0AAcceptance+proof%3A%0ADelivery+preference%3A%0A%0ASafety+confirmation%3A%0A-+I+will+not+post+passwords%2C+payment+cards%2C+tax+identifiers%2C+medical%2Flegal%2Ffinancial+private+details%2C+or+files+I+am+not+authorized+to+share.%0A-+I+understand+this+issue+is+not+payment+by+itself%3B+money+counts+only+after+external+payment+or+payout+proof+exists.%0A,https://github.com/jaxassistant55/jax-micro-offer-studio/issues/new?template=product-transfer.yml&title=Product+transfer%3A+SVG+Wallpaper+Pattern+Pack
product,Anki-Ready Flashcard Deck,anki-ready-flashcard-deck,$12,12.0,9 sales at $12 clears $100 gross.,https://jaxassistant55.github.io/jax-micro-offer-studio/anki-ready-flashcard-deck.html,https://github.com/jaxassistant55/jax-micro-offer-studio/issues/new?template=ready-to-pay.md&title=Ready+to+pay%3A+Anki-Ready+Flashcard+Deck&labels=paid-inquiry%2Cready-to-pay&body=%23%23+Ready-to-pay+intake%0A%0AOffer%3A+Anki-Ready+Flashcard+Deck%0AListed+price%3A+%2412%0AOffer+page%3A+https%3A%2F%2Fjaxassistant55.github.io%2Fjax-micro-offer-studio%2Fanki-ready-flashcard-deck.html%0AOffer+type%3A+product%0A%0ARequested+quantity+or+scope%3A%0APayment%2Fproof+route%3A%0ADeadline%3A%0AAcceptance+proof%3A%0ADelivery+preference%3A%0A%0ASafety+confirmation%3A%0A-+I+will+not+post+passwords%2C+payment+cards%2C+tax+identifiers%2C+medical%2Flegal%2Ffinancial+private+details%2C+or+files+I+am+not+authorized+to+share.%0A-+I+understand+this+issue+is+not+payment+by+itself%3B+money+counts+only+after+external+payment+or+payout+proof+exists.%0A,https://github.com/jaxassistant55/jax-micro-offer-studio/issues/new?template=product-transfer.yml&title=Product+transfer%3A+Anki-Ready+Flashcard+Deck
product,Mini Course Workbook,mini-course-workbook,$29,29.0,4 sales at $29 clears $100 gross.,https://jaxassistant55.github.io/jax-micro-offer-studio/mini-course-workbook.html,https://github.com/jaxassistant55/jax-micro-offer-studio/issues/new?template=ready-to-pay.md&title=Ready+to+pay%3A+Mini+Course+Workbook&labels=paid-inquiry%2Cready-to-pay&body=%23%23+Ready-to-pay+intake%0A%0AOffer%3A+Mini+Course+Workbook%0AListed+price%3A+%2429%0AOffer+page%3A+https%3A%2F%2Fjaxassistant55.github.io%2Fjax-micro-offer-studio%2Fmini-course-workbook.html%0AOffer+type%3A+product%0A%0ARequested+quantity+or+scope%3A%0APayment%2Fproof+route%3A%0ADeadline%3A%0AAcceptance+proof%3A%0ADelivery+preference%3A%0A%0ASafety+confirmation%3A%0A-+I+will+not+post+passwords%2C+payment+cards%2C+tax+identifiers%2C+medical%2Flegal%2Ffinancial+private+details%2C+or+files+I+am+not+authorized+to+share.%0A-+I+understand+this+issue+is+not+payment+by+itself%3B+money+counts+only+after+external+payment+or+payout+proof+exists.%0A,https://github.com/jaxassistant55/jax-micro-offer-studio/issues/new?template=product-transfer.yml&title=Product+transfer%3A+Mini+Course+Workbook
product,JSON Schema Fixture Pack,json-schema-fixture-pack,$15,15.0,7 sales at $15 clears $100 gross.,https://jaxassistant55.github.io/jax-micro-offer-studio/json-schema-fixture-pack.html,https://github.com/jaxassistant55/jax-micro-offer-studio/issues/new?template=ready-to-pay.md&title=Ready+to+pay%3A+JSON+Schema+Fixture+Pack&labels=paid-inquiry%2Cready-to-pay&body=%23%23+Ready-to-pay+intake%0A%0AOffer%3A+JSON+Schema+Fixture+Pack%0AListed+price%3A+%2415%0AOffer+page%3A+https%3A%2F%2Fjaxassistant55.github.io%2Fjax-micro-offer-studio%2Fjson-schema-fixture-pack.html%0AOffer+type%3A+product%0A%0ARequested+quantity+or+scope%3A%0APayment%2Fproof+route%3A%0ADeadline%3A%0AAcceptance+proof%3A%0ADelivery+preference%3A%0A%0ASafety+confirmation%3A%0A-+I+will+not+post+passwords%2C+payment+cards%2C+tax+identifiers%2C+medical%2Flegal%2Ffinancial+private+details%2C+or+files+I+am+not+authorized+to+share.%0A-+I+understand+this+issue+is+not+payment+by+itself%3B+money+counts+only+after+external+payment+or+payout+proof+exists.%0A,https://github.com/jaxassistant55/jax-micro-offer-studio/issues/new?template=product-transfer.yml&title=Product+transfer%3A+JSON+Schema+Fixture+Pack
product,Invoice and Expense Tracker Template,invoice-and-expense-tracker-template,$19,19.0,6 sales at $19 clears $100 gross.,https://jaxassistant55.github.io/jax-micro-offer-studio/invoice-and-expense-tracker-template.html,https://github.com/jaxassistant55/jax-micro-offer-studio/issues/new?template=ready-to-pay.md&title=Ready+to+pay%3A+Invoice+and+Expense+Tracker+Template&labels=paid-inquiry%2Cready-to-pay&body=%23%23+Ready-to-pay+intake%0A%0AOffer%3A+Invoice+and+Expense+Tracker+Template%0AListed+price%3A+%2419%0AOffer+page%3A+https%3A%2F%2Fjaxassistant55.github.io%2Fjax-micro-offer-studio%2Finvoice-and-expense-tracker-template.html%0AOffer+type%3A+product%0A%0ARequested+quantity+or+scope%3A%0APayment%2Fproof+route%3A%0ADeadline%3A%0AAcceptance+proof%3A%0ADelivery+preference%3A%0A%0ASafety+confirmation%3A%0A-+I+will+not+post+passwords%2C+payment+cards%2C+tax+identifiers%2C+medical%2Flegal%2Ffinancial+private+details%2C+or+files+I+am+not+authorized+to+share.%0A-+I+understand+this+issue+is+not+payment+by+itself%3B+money+counts+only+after+external+payment+or+payout+proof+exists.%0A,https://github.com/jaxassistant55/jax-micro-offer-studio/issues/new?template=product-transfer.yml&title=Product+transfer%3A+Invoice+and+Expense+Tracker+Template
product,Prompt Workflow Pack,prompt-workflow-pack,$19,19.0,"6 sales at $19 clears $100 gross, or one $100 customized setup reaches $100.",https://jaxassistant55.github.io/jax-micro-offer-studio/prompt-workflow-pack.html,https://github.com/jaxassistant55/jax-micro-offer-studio/issues/new?template=ready-to-pay.md&title=Ready+to+pay%3A+Prompt+Workflow+Pack&labels=paid-inquiry%2Cready-to-pay&body=%23%23+Ready-to-pay+intake%0A%0AOffer%3A+Prompt+Workflow+Pack%0AListed+price%3A+%2419%0AOffer+page%3A+https%3A%2F%2Fjaxassistant55.github.io%2Fjax-micro-offer-studio%2Fprompt-workflow-pack.html%0AOffer+type%3A+product%0A%0ARequested+quantity+or+scope%3A%0APayment%2Fproof+route%3A%0ADeadline%3A%0AAcceptance+proof%3A%0ADelivery+preference%3A%0A%0ASafety+confirmation%3A%0A-+I+will+not+post+passwords%2C+payment+cards%2C+tax+identifiers%2C+medical%2Flegal%2Ffinancial+private+details%2C+or+files+I+am+not+authorized+to+share.%0A-+I+understand+this+issue+is+not+payment+by+itself%3B+money+counts+only+after+external+payment+or+payout+proof+exists.%0A,https://github.com/jaxassistant55/jax-micro-offer-studio/issues/new?template=product-transfer.yml&title=Product+transfer%3A+Prompt+Workflow+Pack
service,Website Audit Microservice,website-audit-microservice,$150,150.0,One accepted audit clears $100.,https://jaxassistant55.github.io/jax-micro-offer-studio/website-audit-microservice.html,https://github.com/jaxassistant55/jax-micro-offer-studio/issues/new?template=ready-to-pay.md&title=Ready+to+pay%3A+Website+Audit+Microservice&labels=paid-inquiry%2Cready-to-pay&body=%23%23+Ready-to-pay+intake%0A%0AOffer%3A+Website+Audit+Microservice%0AListed+price%3A+%24150%0AOffer+page%3A+https%3A%2F%2Fjaxassistant55.github.io%2Fjax-micro-offer-studio%2Fwebsite-audit-microservice.html%0AOffer+type%3A+service%0A%0ARequested+quantity+or+scope%3A%0APayment%2Fproof+route%3A%0ADeadline%3A%0AAcceptance+proof%3A%0ADelivery+preference%3A%0A%0ASafety+confirmation%3A%0A-+I+will+not+post+passwords%2C+payment+cards%2C+tax+identifiers%2C+medical%2Flegal%2Ffinancial+private+details%2C+or+files+I+am+not+authorized+to+share.%0A-+I+understand+this+issue+is+not+payment+by+itself%3B+money+counts+only+after+external+payment+or+payout+proof+exists.%0A,https://github.com/jaxassistant55/jax-micro-offer-studio/issues/new?template=service-scope.yml&title=Service+scope%3A+Website+Audit+Microservice
service,Data Cleanup Sprint,data-cleanup-sprint,$125,125.0,One completed sprint clears $100.,https://jaxassistant55.github.io/jax-micro-offer-studio/data-cleanup-sprint.html,https://github.com/jaxassistant55/jax-micro-offer-studio/issues/new?template=ready-to-pay.md&title=Ready+to+pay%3A+Data+Cleanup+Sprint&labels=paid-inquiry%2Cready-to-pay&body=%23%23+Ready-to-pay+intake%0A%0AOffer%3A+Data+Cleanup+Sprint%0AListed+price%3A+%24125%0AOffer+page%3A+https%3A%2F%2Fjaxassistant55.github.io%2Fjax-micro-offer-studio%2Fdata-cleanup-sprint.html%0AOffer+type%3A+service%0A%0ARequested+quantity+or+scope%3A%0APayment%2Fproof+route%3A%0ADeadline%3A%0AAcceptance+proof%3A%0ADelivery+preference%3A%0A%0ASafety+confirmation%3A%0A-+I+will+not+post+passwords%2C+payment+cards%2C+tax+identifiers%2C+medical%2Flegal%2Ffinancial+private+details%2C+or+files+I+am+not+authorized+to+share.%0A-+I+understand+this+issue+is+not+payment+by+itself%3B+money+counts+only+after+external+payment+or+payout+proof+exists.%0A,https://github.com/jaxassistant55/jax-micro-offer-studio/issues/new?template=service-scope.yml&title=Service+scope%3A+Data+Cleanup+Sprint
service,AI Workflow Tracker Sprint,ai-workflow-tracker-sprint,$150,150.0,One fixed-price order clears $100.,https://jaxassistant55.github.io/jax-micro-offer-studio/ai-workflow-tracker-sprint.html,https://github.com/jaxassistant55/jax-micro-offer-studio/issues/new?template=ready-to-pay.md&title=Ready+to+pay%3A+AI+Workflow+Tracker+Sprint&labels=paid-inquiry%2Cready-to-pay&body=%23%23+Ready-to-pay+intake%0A%0AOffer%3A+AI+Workflow+Tracker+Sprint%0AListed+price%3A+%24150%0AOffer+page%3A+https%3A%2F%2Fjaxassistant55.github.io%2Fjax-micro-offer-studio%2Fai-workflow-tracker-sprint.html%0AOffer+type%3A+service%0A%0ARequested+quantity+or+scope%3A%0APayment%2Fproof+route%3A%0ADeadline%3A%0AAcceptance+proof%3A%0ADelivery+preference%3A%0A%0ASafety+confirmation%3A%0A-+I+will+not+post+passwords%2C+payment+cards%2C+tax+identifiers%2C+medical%2Flegal%2Ffinancial+private+details%2C+or+files+I+am+not+authorized+to+share.%0A-+I+understand+this+issue+is+not+payment+by+itself%3B+money+counts+only+after+external+payment+or+payout+proof+exists.%0A,https://github.com/jaxassistant55/jax-micro-offer-studio/issues/new?template=service-scope.yml&title=Service+scope%3A+AI+Workflow+Tracker+Sprint
service,Static Demo Site Customization,static-demo-site-customization,$200,200.0,One starter site clears $100.,https://jaxassistant55.github.io/jax-micro-offer-studio/static-demo-site-customization.html,https://github.com/jaxassistant55/jax-micro-offer-studio/issues/new?template=ready-to-pay.md&title=Ready+to+pay%3A+Static+Demo+Site+Customization&labels=paid-inquiry%2Cready-to-pay&body=%23%23+Ready-to-pay+intake%0A%0AOffer%3A+Static+Demo+Site+Customization%0AListed+price%3A+%24200%0AOffer+page%3A+https%3A%2F%2Fjaxassistant55.github.io%2Fjax-micro-offer-studio%2Fstatic-demo-site-customization.html%0AOffer+type%3A+service%0A%0ARequested+quantity+or+scope%3A%0APayment%2Fproof+route%3A%0ADeadline%3A%0AAcceptance+proof%3A%0ADelivery+preference%3A%0A%0ASafety+confirmation%3A%0A-+I+will+not+post+passwords%2C+payment+cards%2C+tax+identifiers%2C+medical%2Flegal%2Ffinancial+private+details%2C+or+files+I+am+not+authorized+to+share.%0A-+I+understand+this+issue+is+not+payment+by+itself%3B+money+counts+only+after+external+payment+or+payout+proof+exists.%0A,https://github.com/jaxassistant55/jax-micro-offer-studio/issues/new?template=service-scope.yml&title=Service+scope%3A+Static+Demo+Site+Customization
service,Niche Quote Estimator,niche-quote-estimator,$150,150.0,One custom estimator clears $100.,https://jaxassistant55.github.io/jax-micro-offer-studio/niche-quote-estimator.html,https://github.com/jaxassistant55/jax-micro-offer-studio/issues/new?template=ready-to-pay.md&title=Ready+to+pay%3A+Niche+Quote+Estimator&labels=paid-inquiry%2Cready-to-pay&body=%23%23+Ready-to-pay+intake%0A%0AOffer%3A+Niche+Quote+Estimator%0AListed+price%3A+%24150%0AOffer+page%3A+https%3A%2F%2Fjaxassistant55.github.io%2Fjax-micro-offer-studio%2Fniche-quote-estimator.html%0AOffer+type%3A+service%0A%0ARequested+quantity+or+scope%3A%0APayment%2Fproof+route%3A%0ADeadline%3A%0AAcceptance+proof%3A%0ADelivery+preference%3A%0A%0ASafety+confirmation%3A%0A-+I+will+not+post+passwords%2C+payment+cards%2C+tax+identifiers%2C+medical%2Flegal%2Ffinancial+private+details%2C+or+files+I+am+not+authorized+to+share.%0A-+I+understand+this+issue+is+not+payment+by+itself%3B+money+counts+only+after+external+payment+or+payout+proof+exists.%0A,https://github.com/jaxassistant55/jax-micro-offer-studio/issues/new?template=service-scope.yml&title=Service+scope%3A+Niche+Quote+Estimator
service,Automation Blueprint,automation-blueprint,$100,100.0,One blueprint reaches $100.,https://jaxassistant55.github.io/jax-micro-offer-studio/automation-blueprint.html,https://github.com/jaxassistant55/jax-micro-offer-studio/issues/new?template=ready-to-pay.md&title=Ready+to+pay%3A+Automation+Blueprint&labels=paid-inquiry%2Cready-to-pay&body=%23%23+Ready-to-pay+intake%0A%0AOffer%3A+Automation+Blueprint%0AListed+price%3A+%24100%0AOffer+page%3A+https%3A%2F%2Fjaxassistant55.github.io%2Fjax-micro-offer-studio%2Fautomation-blueprint.html%0AOffer+type%3A+service%0A%0ARequested+quantity+or+scope%3A%0APayment%2Fproof+route%3A%0ADeadline%3A%0AAcceptance+proof%3A%0ADelivery+preference%3A%0A%0ASafety+confirmation%3A%0A-+I+will+not+post+passwords%2C+payment+cards%2C+tax+identifiers%2C+medical%2Flegal%2Ffinancial+private+details%2C+or+files+I+am+not+authorized+to+share.%0A-+I+understand+this+issue+is+not+payment+by+itself%3B+money+counts+only+after+external+payment+or+payout+proof+exists.%0A,https://github.com/jaxassistant55/jax-micro-offer-studio/issues/new?template=service-scope.yml&title=Service+scope%3A+Automation+Blueprint
service,Local SEO / GBP Audit,local-seo-gbp-audit,$175,175.0,One audit clears $100.,https://jaxassistant55.github.io/jax-micro-offer-studio/local-seo-gbp-audit.html,https://github.com/jaxassistant55/jax-micro-offer-studio/issues/new?template=ready-to-pay.md&title=Ready+to+pay%3A+Local+SEO+%2F+GBP+Audit&labels=paid-inquiry%2Cready-to-pay&body=%23%23+Ready-to-pay+intake%0A%0AOffer%3A+Local+SEO+%2F+GBP+Audit%0AListed+price%3A+%24175%0AOffer+page%3A+https%3A%2F%2Fjaxassistant55.github.io%2Fjax-micro-offer-studio%2Flocal-seo-gbp-audit.html%0AOffer+type%3A+service%0A%0ARequested+quantity+or+scope%3A%0APayment%2Fproof+route%3A%0ADeadline%3A%0AAcceptance+proof%3A%0ADelivery+preference%3A%0A%0ASafety+confirmation%3A%0A-+I+will+not+post+passwords%2C+payment+cards%2C+tax+identifiers%2C+medical%2Flegal%2Ffinancial+private+details%2C+or+files+I+am+not+authorized+to+share.%0A-+I+understand+this+issue+is+not+payment+by+itself%3B+money+counts+only+after+external+payment+or+payout+proof+exists.%0A,https://github.com/jaxassistant55/jax-micro-offer-studio/issues/new?template=service-scope.yml&title=Service+scope%3A+Local+SEO+%2F+GBP+Audit
service,Technical Docs Cleanup,technical-docs-cleanup,$150,150.0,One docs sprint clears $100.,https://jaxassistant55.github.io/jax-micro-offer-studio/technical-docs-cleanup.html,https://github.com/jaxassistant55/jax-micro-offer-studio/issues/new?template=ready-to-pay.md&title=Ready+to+pay%3A+Technical+Docs+Cleanup&labels=paid-inquiry%2Cready-to-pay&body=%23%23+Ready-to-pay+intake%0A%0AOffer%3A+Technical+Docs+Cleanup%0AListed+price%3A+%24150%0AOffer+page%3A+https%3A%2F%2Fjaxassistant55.github.io%2Fjax-micro-offer-studio%2Ftechnical-docs-cleanup.html%0AOffer+type%3A+service%0A%0ARequested+quantity+or+scope%3A%0APayment%2Fproof+route%3A%0ADeadline%3A%0AAcceptance+proof%3A%0ADelivery+preference%3A%0A%0ASafety+confirmation%3A%0A-+I+will+not+post+passwords%2C+payment+cards%2C+tax+identifiers%2C+medical%2Flegal%2Ffinancial+private+details%2C+or+files+I+am+not+authorized+to+share.%0A-+I+understand+this+issue+is+not+payment+by+itself%3B+money+counts+only+after+external+payment+or+payout+proof+exists.%0A,https://github.com/jaxassistant55/jax-micro-offer-studio/issues/new?template=service-scope.yml&title=Service+scope%3A+Technical+Docs+Cleanup
service,Client Intake and SOP Package,client-intake-and-sop-package,$125,125.0,One package clears $100.,https://jaxassistant55.github.io/jax-micro-offer-studio/client-intake-and-sop-package.html,https://github.com/jaxassistant55/jax-micro-offer-studio/issues/new?template=ready-to-pay.md&title=Ready+to+pay%3A+Client+Intake+and+SOP+Package&labels=paid-inquiry%2Cready-to-pay&body=%23%23+Ready-to-pay+intake%0A%0AOffer%3A+Client+Intake+and+SOP+Package%0AListed+price%3A+%24125%0AOffer+page%3A+https%3A%2F%2Fjaxassistant55.github.io%2Fjax-micro-offer-studio%2Fclient-intake-and-sop-package.html%0AOffer+type%3A+service%0A%0ARequested+quantity+or+scope%3A%0APayment%2Fproof+route%3A%0ADeadline%3A%0AAcceptance+proof%3A%0ADelivery+preference%3A%0A%0ASafety+confirmation%3A%0A-+I+will+not+post+passwords%2C+payment+cards%2C+tax+identifiers%2C+medical%2Flegal%2Ffinancial+private+details%2C+or+files+I+am+not+authorized+to+share.%0A-+I+understand+this+issue+is+not+payment+by+itself%3B+money+counts+only+after+external+payment+or+payout+proof+exists.%0A,https://github.com/jaxassistant55/jax-micro-offer-studio/issues/new?template=service-scope.yml&title=Service+scope%3A+Client+Intake+and+SOP+Package
service,PDF/Table Extraction,pdf-table-extraction,$125,125.0,One extraction package clears $100.,https://jaxassistant55.github.io/jax-micro-offer-studio/pdf-table-extraction.html,https://github.com/jaxassistant55/jax-micro-offer-studio/issues/new?template=ready-to-pay.md&title=Ready+to+pay%3A+PDF%2FTable+Extraction&labels=paid-inquiry%2Cready-to-pay&body=%23%23+Ready-to-pay+intake%0A%0AOffer%3A+PDF%2FTable+Extraction%0AListed+price%3A+%24125%0AOffer+page%3A+https%3A%2F%2Fjaxassistant55.github.io%2Fjax-micro-offer-studio%2Fpdf-table-extraction.html%0AOffer+type%3A+service%0A%0ARequested+quantity+or+scope%3A%0APayment%2Fproof+route%3A%0ADeadline%3A%0AAcceptance+proof%3A%0ADelivery+preference%3A%0A%0ASafety+confirmation%3A%0A-+I+will+not+post+passwords%2C+payment+cards%2C+tax+identifiers%2C+medical%2Flegal%2Ffinancial+private+details%2C+or+files+I+am+not+authorized+to+share.%0A-+I+understand+this+issue+is+not+payment+by+itself%3B+money+counts+only+after+external+payment+or+payout+proof+exists.%0A,https://github.com/jaxassistant55/jax-micro-offer-studio/issues/new?template=service-scope.yml&title=Service+scope%3A+PDF%2FTable+Extraction
service,Content Repurposing Sprint,content-repurposing-sprint,$100,100.0,One repurposing sprint reaches $100.,https://jaxassistant55.github.io/jax-micro-offer-studio/content-repurposing-sprint.html,https://github.com/jaxassistant55/jax-micro-offer-studio/issues/new?template=ready-to-pay.md&title=Ready+to+pay%3A+Content+Repurposing+Sprint&labels=paid-inquiry%2Cready-to-pay&body=%23%23+Ready-to-pay+intake%0A%0AOffer%3A+Content+Repurposing+Sprint%0AListed+price%3A+%24100%0AOffer+page%3A+https%3A%2F%2Fjaxassistant55.github.io%2Fjax-micro-offer-studio%2Fcontent-repurposing-sprint.html%0AOffer+type%3A+service%0A%0ARequested+quantity+or+scope%3A%0APayment%2Fproof+route%3A%0ADeadline%3A%0AAcceptance+proof%3A%0ADelivery+preference%3A%0A%0ASafety+confirmation%3A%0A-+I+will+not+post+passwords%2C+payment+cards%2C+tax+identifiers%2C+medical%2Flegal%2Ffinancial+private+details%2C+or+files+I+am+not+authorized+to+share.%0A-+I+understand+this+issue+is+not+payment+by+itself%3B+money+counts+only+after+external+payment+or+payout+proof+exists.%0A,https://github.com/jaxassistant55/jax-micro-offer-studio/issues/new?template=service-scope.yml&title=Service+scope%3A+Content+Repurposing+Sprint
service,Resume / LinkedIn / Interview Pack,resume-linkedin-interview-pack,$125,125.0,One career packet clears $100.,https://jaxassistant55.github.io/jax-micro-offer-studio/resume-linkedin-interview-pack.html,https://github.com/jaxassistant55/jax-micro-offer-studio/issues/new?template=ready-to-pay.md&title=Ready+to+pay%3A+Resume+%2F+LinkedIn+%2F+Interview+Pack&labels=paid-inquiry%2Cready-to-pay&body=%23%23+Ready-to-pay+intake%0A%0AOffer%3A+Resume+%2F+LinkedIn+%2F+Interview+Pack%0AListed+price%3A+%24125%0AOffer+page%3A+https%3A%2F%2Fjaxassistant55.github.io%2Fjax-micro-offer-studio%2Fresume-linkedin-interview-pack.html%0AOffer+type%3A+service%0A%0ARequested+quantity+or+scope%3A%0APayment%2Fproof+route%3A%0ADeadline%3A%0AAcceptance+proof%3A%0ADelivery+preference%3A%0A%0ASafety+confirmation%3A%0A-+I+will+not+post+passwords%2C+payment+cards%2C+tax+identifiers%2C+medical%2Flegal%2Ffinancial+private+details%2C+or+files+I+am+not+authorized+to+share.%0A-+I+understand+this+issue+is+not+payment+by+itself%3B+money+counts+only+after+external+payment+or+payout+proof+exists.%0A,https://github.com/jaxassistant55/jax-micro-offer-studio/issues/new?template=service-scope.yml&title=Service+scope%3A+Resume+%2F+LinkedIn+%2F+Interview+Pack
service,Resale Listing and Price Research Pack,resale-listing-and-price-research-pack,$100,100.0,One paid resale listing pack reaches $100.,https://jaxassistant55.github.io/jax-micro-offer-studio/resale-listing-and-price-research-pack.html,https://github.com/jaxassistant55/jax-micro-offer-studio/issues/new?template=ready-to-pay.md&title=Ready+to+pay%3A+Resale+Listing+and+Price+Research+Pack&labels=paid-inquiry%2Cready-to-pay&body=%23%23+Ready-to-pay+intake%0A%0AOffer%3A+Resale+Listing+and+Price+Research+Pack%0AListed+price%3A+%24100%0AOffer+page%3A+https%3A%2F%2Fjaxassistant55.github.io%2Fjax-micro-offer-studio%2Fresale-listing-and-price-research-pack.html%0AOffer+type%3A+service%0A%0ARequested+quantity+or+scope%3A%0APayment%2Fproof+route%3A%0ADeadline%3A%0AAcceptance+proof%3A%0ADelivery+preference%3A%0A%0ASafety+confirmation%3A%0A-+I+will+not+post+passwords%2C+payment+cards%2C+tax+identifiers%2C+medical%2Flegal%2Ffinancial+private+details%2C+or+files+I+am+not+authorized+to+share.%0A-+I+understand+this+issue+is+not+payment+by+itself%3B+money+counts+only+after+external+payment+or+payout+proof+exists.%0A,https://github.com/jaxassistant55/jax-micro-offer-studio/issues/new?template=service-scope.yml&title=Service+scope%3A+Resale+Listing+and+Price+Research+Pack
