intent,offer,price,safe_inputs,ready_url,inquiry_url,proof_rule
I need a simple service website or landing page,Static Demo Site Customization,$200,"Business name, service area, approved contact link, service list, proof/testimonials if available",https://jaxassistant55.github.io/jax-micro-offer-studio/ready-to-buy-static-demo-site-customization.html,https://jaxassistant55.github.io/static-service-site-starter/inquiry.html,"Count $0 unless a real buyer accepts scope, pays through a user-controlled route, receives delivery, and payment is posted/released/payable/cleared."
My local business profile or citations need a quick audit,Local SEO / GBP Audit,$175,"Public business profile URL, target service area, canonical phone/site/hours",https://jaxassistant55.github.io/jax-micro-offer-studio/ready-to-buy-local-seo-gbp-audit.html,https://jaxassistant55.github.io/local-seo-gbp-audit-starter/inquiry.html,"Count $0 unless a real buyer accepts scope, pays through a user-controlled route, receives delivery, and payment is posted/released/payable/cleared."
I need a browser quote estimator for a simple service,Niche Quote Estimator,$150,"Pricing variables, minimum price, add-ons, exclusions",https://jaxassistant55.github.io/jax-micro-offer-studio/ready-to-buy-niche-quote-estimator.html,https://jaxassistant55.github.io/niche-quote-estimator-starter/inquiry.html,"Count $0 unless a real buyer accepts scope, pays through a user-controlled route, receives delivery, and payment is posted/released/payable/cleared."
My website is not converting or has obvious UX/content issues,Website Audit Microservice,$150,"Public website URL, target audience, primary conversion goal",https://jaxassistant55.github.io/jax-micro-offer-studio/ready-to-buy-website-audit-microservice.html,https://jaxassistant55.github.io/website-audit-microservice-starter/inquiry.html,"Count $0 unless a real buyer accepts scope, pays through a user-controlled route, receives delivery, and payment is posted/released/payable/cleared."
"I need a lightweight tracker/dashboard for leads, interviews, grants, or work",AI Workflow Tracker Sprint,$150,"CSV columns, workflow stages, sample non-sensitive rows",https://jaxassistant55.github.io/jax-micro-offer-studio/ready-to-buy-ai-workflow-tracker-sprint.html,https://jaxassistant55.github.io/workflow-tracker-dashboard-starter/inquiry.html,"Count $0 unless a real buyer accepts scope, pays through a user-controlled route, receives delivery, and payment is posted/released/payable/cleared."
"My README, quickstart, SOP, or docs need cleanup",Technical Docs Cleanup,$150,"Public repo/docs URL or authorized text, target reader, broken sections",https://jaxassistant55.github.io/jax-micro-offer-studio/ready-to-buy-technical-docs-cleanup.html,https://jaxassistant55.github.io/technical-docs-cleanup-starter/inquiry.html,"Count $0 unless a real buyer accepts scope, pays through a user-controlled route, receives delivery, and payment is posted/released/payable/cleared."
I need truthful career materials polished,Resume / LinkedIn / Interview Pack,$125,"Accurate work history, target role, achievements, constraints",https://jaxassistant55.github.io/jax-micro-offer-studio/ready-to-buy-resume-linkedin-interview-pack.html,https://jaxassistant55.github.io/career-packet-starter/inquiry.html,"Count $0 unless a real buyer accepts scope, pays through a user-controlled route, receives delivery, and payment is posted/released/payable/cleared."
I need tables extracted from PDFs/screenshots into CSV,PDF/Table Extraction,$125,"Authorized files, target columns, output format",https://jaxassistant55.github.io/jax-micro-offer-studio/ready-to-buy-pdf-table-extraction.html,https://jaxassistant55.github.io/pdf-table-extraction-starter/inquiry.html,"Count $0 unless a real buyer accepts scope, pays through a user-controlled route, receives delivery, and payment is posted/released/payable/cleared."
"I need intake questions, SOP, and delivery checklist",Client Intake and SOP Package,$125,"Workflow steps, required client fields, delivery/status rules",https://jaxassistant55.github.io/jax-micro-offer-studio/ready-to-buy-client-intake-and-sop-package.html,https://jaxassistant55.github.io/client-intake-sop-starter/inquiry.html,"Count $0 unless a real buyer accepts scope, pays through a user-controlled route, receives delivery, and payment is posted/released/payable/cleared."
I need a CSV/spreadsheet cleaned and validated,Data Cleanup Sprint,$125,"Authorized CSV/spreadsheet, cleanup rules, desired output",https://jaxassistant55.github.io/jax-micro-offer-studio/ready-to-buy-data-cleanup-sprint.html,https://jaxassistant55.github.io/data-cleanup-sprint-starter/inquiry.html,"Count $0 unless a real buyer accepts scope, pays through a user-controlled route, receives delivery, and payment is posted/released/payable/cleared."
I need an automation plan before building in Zapier/Make/scripts,Automation Blueprint,$100,"Trigger, source/destination apps, fields, failure cases",https://jaxassistant55.github.io/jax-micro-offer-studio/ready-to-buy-automation-blueprint.html,https://jaxassistant55.github.io/automation-blueprint-starter/inquiry.html,"Count $0 unless a real buyer accepts scope, pays through a user-controlled route, receives delivery, and payment is posted/released/payable/cleared."
I need one source asset turned into newsletter/social/captions,Content Repurposing Sprint,$100,"Authorized source asset, audience, channels, tone constraints",https://jaxassistant55.github.io/jax-micro-offer-studio/ready-to-buy-content-repurposing-sprint.html,https://jaxassistant55.github.io/content-repurposing-sprint-starter/inquiry.html,"Count $0 unless a real buyer accepts scope, pays through a user-controlled route, receives delivery, and payment is posted/released/payable/cleared."
