generated_at_jst,rank,route_id,title,price,why_this_is_close,buyer_acceptance_text,invoice_line,seller_payment_request_copy,delivery_proof_checklist,stop_conditions,sample_url,sample_deliverable,ready_to_pay_form,payment_packet,payment_activation,proof_required,money_confirmed_usd,money_count_rule
2026-06-18 22:08:04 JST,1,hot-download-pdf-table-extraction-starter,PDF Table Extraction Starter,$125,"Warmest observed route: someone already reached the PDF/Table download path, and one close-ready packet has been downloaded. observed release interest: preview downloads=2 and close-ready downloads=1","I accept the PDF/Table Extraction fixed-scope terms at $125. I understand work starts only after seller-owned external payment proof exists; I will provide only public or buyer-owned/buyer-authorized non-sensitive documents through an approved channel; the deliverable is limited to extracted CSV/XLSX output, ambiguity notes, and a repeatable extraction checklist for the accepted sample; and confidential regulated data handling, OCR of large batches, custom software implementation, credential/account access, ongoing support, or extra revisions are not included unless separately agreed before payment.",PDF Table Extraction Starter fixed-scope service - $125 - accepted scope or product transfer per https://jaxassistant55.github.io/jax-micro-offer-studio/hot-download-close-pdf-table-extraction-starter.html,"Hi [BUYER_NAME],

Thanks for accepting PDF Table Extraction Starter at $125.

Payment route: [SELLER_OWNED_PAYMENT_URL]
Invoice/reference: OSP-20260616-32-PDF-TABLE-EXTRACTION-STARTER
Accepted scope or transfer: [ACCEPTED_SCOPE_OR_PRODUCT_TRANSFER]
Offer page: https://jaxassistant55.github.io/jax-micro-offer-studio/hot-download-close-pdf-table-extraction-starter.html
Ready-to-pay intake: https://github.com/jaxassistant55/pdf-table-extraction-starter/issues/new?template=ready-to-pay-pdf-table-extraction.yml

Before I start work or privately deliver the paid files, please confirm this acceptance text:
""I accept the PDF/Table Extraction fixed-scope terms at $125. I understand work starts only after seller-owned external payment proof exists; I will provide only public or buyer-owned/buyer-authorized non-sensitive documents through an approved channel; the deliverable is limited to extracted CSV/XLSX output, ambiguity notes, and a repeatable extraction checklist for the accepted sample; and confidential regulated data handling, OCR of large batches, custom software implementation, credential/account access, ongoing support, or extra revisions are not included unless separately agreed before payment.""

Do not post passwords, payment cards, tax identifiers, private regulated data, credentials, or files you are not authorized to share in public. After external payment proof exists and funds are posted, released, payable, or cleared, delivery will be handled through [DELIVERY_CHANNEL].","Buyer selected PDF Table Extraction Starter and accepted the fixed $125 route. | Seller-owned payment URL or external order reference is saved. | Payment proof shows amount, date, source/platform, status, and no unresolved hold/refund/dispute. | Delivery proof and buyer acceptance or platform completion proof are saved. | Confirmed money remains $0 until funds are posted, released, payable, or cleared.","No real buyer or selected route. | Payment route is not seller-owned. | Acceptance text or accepted scope is missing. | Buyer requests credentials, unauthorized files, private regulated data in public, fake reviews, paid ads, account login work, or extra scope without a separate paid agreement. | Only evidence is a page, generated packet, issue draft, view, download, workflow run, star, fork, or IndexNow response.",https://jaxassistant55.github.io/jax-micro-offer-studio/one-sale-sample-output-gallery.html#hot-download-pdf-table-extraction-starter,Buyer receives CSV/XLSX output for accepted files plus extraction notes.,https://github.com/jaxassistant55/pdf-table-extraction-starter/issues/new?template=ready-to-pay-pdf-table-extraction.yml,https://jaxassistant55.github.io/jax-micro-offer-studio/one-sale-payment-packets.html#hot-download-pdf-table-extraction-starter,https://jaxassistant55.github.io/jax-micro-offer-studio/payment-activation,"Buyer confirms file rights, table scope, output columns, deadline, and a $125 payment route before extraction starts.",0,"Count $0 unless a real buyer accepts scope, pays through a seller-owned external route, receives delivery, and payment is posted/released/payable/cleared."
2026-06-18 22:08:04 JST,2,hot-download-local-seo-gbp-audit-starter,Local SEO GBP Audit Starter,$175,Highest single-order price among observed download-interest paths; one accepted $175 audit clears the $100 target before fees/refunds. observed release interest: preview downloads=2 and close-ready downloads=0,"I accept the Local SEO / GBP Audit fixed-scope terms at $175. I understand work starts only after seller-owned external payment proof exists; I will provide only public or buyer-authorized non-sensitive business details; the audit is limited to public website/profile review, category/citation/review/landing-page observations, and a prioritized action checklist; and Google account login work, profile claiming/verification, fake reviews, paid ads, legal advice, publishing edits, ongoing SEO, or extra revisions are not included unless separately agreed before payment.",Local SEO GBP Audit Starter fixed-scope service - $175 - accepted scope or product transfer per https://jaxassistant55.github.io/jax-micro-offer-studio/hot-download-close-local-seo-gbp-audit-starter.html,"Hi [BUYER_NAME],

Thanks for accepting Local SEO GBP Audit Starter at $175.

Payment route: [SELLER_OWNED_PAYMENT_URL]
Invoice/reference: OSP-20260616-30-LOCAL-SEO-GBP-AUDIT-STARTER
Accepted scope or transfer: [ACCEPTED_SCOPE_OR_PRODUCT_TRANSFER]
Offer page: https://jaxassistant55.github.io/jax-micro-offer-studio/hot-download-close-local-seo-gbp-audit-starter.html
Ready-to-pay intake: https://github.com/jaxassistant55/local-seo-gbp-audit-starter/issues/new?template=ready-to-pay-local-seo-gbp-audit.yml

Before I start work or privately deliver the paid files, please confirm this acceptance text:
""I accept the Local SEO / GBP Audit fixed-scope terms at $175. I understand work starts only after seller-owned external payment proof exists; I will provide only public or buyer-authorized non-sensitive business details; the audit is limited to public website/profile review, category/citation/review/landing-page observations, and a prioritized action checklist; and Google account login work, profile claiming/verification, fake reviews, paid ads, legal advice, publishing edits, ongoing SEO, or extra revisions are not included unless separately agreed before payment.""

Do not post passwords, payment cards, tax identifiers, private regulated data, credentials, or files you are not authorized to share in public. After external payment proof exists and funds are posted, released, payable, or cleared, delivery will be handled through [DELIVERY_CHANNEL].","Buyer selected Local SEO GBP Audit Starter and accepted the fixed $175 route. | Seller-owned payment URL or external order reference is saved. | Payment proof shows amount, date, source/platform, status, and no unresolved hold/refund/dispute. | Delivery proof and buyer acceptance or platform completion proof are saved. | Confirmed money remains $0 until funds are posted, released, payable, or cleared.","No real buyer or selected route. | Payment route is not seller-owned. | Acceptance text or accepted scope is missing. | Buyer requests credentials, unauthorized files, private regulated data in public, fake reviews, paid ads, account login work, or extra scope without a separate paid agreement. | Only evidence is a page, generated packet, issue draft, view, download, workflow run, star, fork, or IndexNow response.",https://jaxassistant55.github.io/jax-micro-offer-studio/one-sale-sample-output-gallery.html#hot-download-local-seo-gbp-audit-starter,Buyer receives ranked public findings and owner-only action steps without account login.,https://github.com/jaxassistant55/local-seo-gbp-audit-starter/issues/new?template=ready-to-pay-local-seo-gbp-audit.yml,https://jaxassistant55.github.io/jax-micro-offer-studio/one-sale-payment-packets.html#hot-download-local-seo-gbp-audit-starter,https://jaxassistant55.github.io/jax-micro-offer-studio/payment-activation,"Buyer confirms the business URL/profile, target market, fixed scope, delivery format, and a $175 payment route before custom analysis starts.",0,"Count $0 unless a real buyer accepts scope, pays through a seller-owned external route, receives delivery, and payment is posted/released/payable/cleared."
2026-06-18 22:08:04 JST,3,central-first-100-fast-start,First $100 Fast Start,$100,Exact $100 service route with no catalog browsing and four fixed mini-scopes.,"I accept the First $100 Fast Start fixed-scope terms at $100. I understand work starts only after seller-owned external payment proof exists; I will provide only public or buyer-authorized non-sensitive inputs; the selected starter scope is limited to the deliverable described on the First $100 Fast Start page; and custom implementation, account login work, credential handling, regulated advice, paid ads, purchasing, ongoing support, or extra revisions are not included unless separately agreed before payment.",First $100 Fast Start fixed-scope service - $100 - accepted scope or product transfer per https://jaxassistant55.github.io/jax-micro-offer-studio/first-100-fast-start.html,"Hi [BUYER_NAME],

Thanks for accepting First $100 Fast Start at $100.

Payment route: [SELLER_OWNED_PAYMENT_URL]
Invoice/reference: OSP-20260616-33-FIRST-100-FAST-START
Accepted scope or transfer: [ACCEPTED_SCOPE_OR_PRODUCT_TRANSFER]
Offer page: https://jaxassistant55.github.io/jax-micro-offer-studio/first-100-fast-start.html
Ready-to-pay intake: https://github.com/jaxassistant55/jax-micro-offer-studio/issues/new?template=first-100-fast-start.yml

Before I start work or privately deliver the paid files, please confirm this acceptance text:
""I accept the First $100 Fast Start fixed-scope terms at $100. I understand work starts only after seller-owned external payment proof exists; I will provide only public or buyer-authorized non-sensitive inputs; the selected starter scope is limited to the deliverable described on the First $100 Fast Start page; and custom implementation, account login work, credential handling, regulated advice, paid ads, purchasing, ongoing support, or extra revisions are not included unless separately agreed before payment.""

Do not post passwords, payment cards, tax identifiers, private regulated data, credentials, or files you are not authorized to share in public. After external payment proof exists and funds are posted, released, payable, or cleared, delivery will be handled through [DELIVERY_CHANNEL].","Buyer selected First $100 Fast Start and accepted the fixed $100 route. | Seller-owned payment URL or external order reference is saved. | Payment proof shows amount, date, source/platform, status, and no unresolved hold/refund/dispute. | Delivery proof and buyer acceptance or platform completion proof are saved. | Confirmed money remains $0 until funds are posted, released, payable, or cleared.","No real buyer or selected route. | Payment route is not seller-owned. | Acceptance text or accepted scope is missing. | Buyer requests credentials, unauthorized files, private regulated data in public, fake reviews, paid ads, account login work, or extra scope without a separate paid agreement. | Only evidence is a page, generated packet, issue draft, view, download, workflow run, star, fork, or IndexNow response.",https://jaxassistant55.github.io/jax-micro-offer-studio/one-sale-sample-output-gallery.html#central-first-100-fast-start,Buyer receives the scoped service deliverable after accepted terms and external payment proof.,https://github.com/jaxassistant55/jax-micro-offer-studio/issues/new?template=first-100-fast-start.yml,https://jaxassistant55.github.io/jax-micro-offer-studio/one-sale-payment-packets.html#central-first-100-fast-start,https://jaxassistant55.github.io/jax-micro-offer-studio/payment-activation,"Real buyer, accepted scope, seller-controlled external payment route, delivery proof, and posted/released/payable/cleared money.",0,"Count $0 unless a real buyer accepts scope, pays through a seller-owned external route, receives delivery, and payment is posted/released/payable/cleared."
2026-06-18 22:08:04 JST,4,central-first-100-product-bundle,First $100 Product Bundle,$100,Exact $100 product-transfer route; private ZIP delivery is already defined behind acceptance and proof gates.,"I accept the First $100 Product Bundle Terms at $100. I understand the private ZIP is delivered only after seller-owned external payment proof exists; the bundle is for my internal or client-project use only; I will not resell, redistribute, sublicense, or post the paid files publicly; and custom implementation or support is not included unless separately agreed before payment.",First $100 Product Bundle fixed-scope product - $100 - accepted scope or product transfer per https://jaxassistant55.github.io/jax-micro-offer-studio/first-100-product-bundle.html,"Hi [BUYER_NAME],

Thanks for accepting First $100 Product Bundle at $100.

Payment route: [SELLER_OWNED_PAYMENT_URL]
Invoice/reference: OSP-20260616-34-FIRST-100-PRODUCT-BUNDLE
Accepted scope or transfer: [ACCEPTED_SCOPE_OR_PRODUCT_TRANSFER]
Offer page: https://jaxassistant55.github.io/jax-micro-offer-studio/first-100-product-bundle.html
Ready-to-pay intake: https://github.com/jaxassistant55/jax-micro-offer-studio/issues/new?template=first-100-product-bundle.yml

Before I start work or privately deliver the paid files, please confirm this acceptance text:
""I accept the First $100 Product Bundle Terms at $100. I understand the private ZIP is delivered only after seller-owned external payment proof exists; the bundle is for my internal or client-project use only; I will not resell, redistribute, sublicense, or post the paid files publicly; and custom implementation or support is not included unless separately agreed before payment.""

Do not post passwords, payment cards, tax identifiers, private regulated data, credentials, or files you are not authorized to share in public. After external payment proof exists and funds are posted, released, payable, or cleared, delivery will be handled through [DELIVERY_CHANNEL].","Buyer selected First $100 Product Bundle and accepted the fixed $100 route. | Seller-owned payment URL or external order reference is saved. | Payment proof shows amount, date, source/platform, status, and no unresolved hold/refund/dispute. | Delivery proof and buyer acceptance or platform completion proof are saved. | Confirmed money remains $0 until funds are posted, released, payable, or cleared.","No real buyer or selected route. | Payment route is not seller-owned. | Acceptance text or accepted scope is missing. | Buyer requests credentials, unauthorized files, private regulated data in public, fake reviews, paid ads, account login work, or extra scope without a separate paid agreement. | Only evidence is a page, generated packet, issue draft, view, download, workflow run, star, fork, or IndexNow response.",https://jaxassistant55.github.io/jax-micro-offer-studio/one-sale-sample-output-gallery.html#central-first-100-product-bundle,Buyer receives the prepared product packet after accepted terms and external payment proof.,https://github.com/jaxassistant55/jax-micro-offer-studio/issues/new?template=first-100-product-bundle.yml,https://jaxassistant55.github.io/jax-micro-offer-studio/one-sale-payment-packets.html#central-first-100-product-bundle,https://jaxassistant55.github.io/jax-micro-offer-studio/payment-activation,"Real buyer, accepted scope, seller-controlled external payment route, delivery proof, and posted/released/payable/cleared money.",0,"Count $0 unless a real buyer accepts scope, pays through a seller-owned external route, receives delivery, and payment is posted/released/payable/cleared."
2026-06-18 22:08:04 JST,5,central-data-cleanup-sprint,Data Cleanup Sprint,$125,One $125 accepted cleanup sprint clears $100 and has a concrete before/after delivery shape.,"I accept the listed fixed scope and price for Data Cleanup Sprint at $125. I understand work or private delivery starts only after seller-owned external payment proof exists; I will provide only public or buyer-owned/buyer-authorized non-sensitive inputs; and extra scope, credentials, account access, regulated advice, paid ads, publishing, ongoing support, or extra revisions are not included unless separately agreed before payment.",Data Cleanup Sprint fixed-scope service - $125 - accepted scope or product transfer per https://jaxassistant55.github.io/jax-micro-offer-studio/data-cleanup-sprint.html,"Hi [BUYER_NAME],

Thanks for accepting Data Cleanup Sprint at $125.

Payment route: [SELLER_OWNED_PAYMENT_URL]
Invoice/reference: OSP-20260616-15-DATA-CLEANUP-SPRINT
Accepted scope or transfer: [ACCEPTED_SCOPE_OR_PRODUCT_TRANSFER]
Offer page: https://jaxassistant55.github.io/jax-micro-offer-studio/data-cleanup-sprint.html
Ready-to-pay intake: https://github.com/jaxassistant55/data-cleanup-sprint-starter/issues/new?template=ready-to-pay-data-cleanup-sprint-starter.yml

Before I start work or privately deliver the paid files, please confirm this acceptance text:
""I accept the listed fixed scope and price for Data Cleanup Sprint at $125. I understand work or private delivery starts only after seller-owned external payment proof exists; I will provide only public or buyer-owned/buyer-authorized non-sensitive inputs; and extra scope, credentials, account access, regulated advice, paid ads, publishing, ongoing support, or extra revisions are not included unless separately agreed before payment.""

Do not post passwords, payment cards, tax identifiers, private regulated data, credentials, or files you are not authorized to share in public. After external payment proof exists and funds are posted, released, payable, or cleared, delivery will be handled through [DELIVERY_CHANNEL].","Buyer selected Data Cleanup Sprint and accepted the fixed $125 route. | Seller-owned payment URL or external order reference is saved. | Payment proof shows amount, date, source/platform, status, and no unresolved hold/refund/dispute. | Delivery proof and buyer acceptance or platform completion proof are saved. | Confirmed money remains $0 until funds are posted, released, payable, or cleared.","No real buyer or selected route. | Payment route is not seller-owned. | Acceptance text or accepted scope is missing. | Buyer requests credentials, unauthorized files, private regulated data in public, fake reviews, paid ads, account login work, or extra scope without a separate paid agreement. | Only evidence is a page, generated packet, issue draft, view, download, workflow run, star, fork, or IndexNow response.",https://jaxassistant55.github.io/jax-micro-offer-studio/one-sale-sample-output-gallery.html#central-data-cleanup-sprint,"Buyer receives cleaned sample data, change notes, and a repeatable cleanup checklist.",https://github.com/jaxassistant55/data-cleanup-sprint-starter/issues/new?template=ready-to-pay-data-cleanup-sprint-starter.yml,https://jaxassistant55.github.io/jax-micro-offer-studio/one-sale-payment-packets.html#central-data-cleanup-sprint,https://jaxassistant55.github.io/jax-micro-offer-studio/payment-activation,"Real buyer, accepted scope, seller-controlled external payment route, delivery proof, and posted/released/payable/cleared money.",0,"Count $0 unless a real buyer accepts scope, pays through a seller-owned external route, receives delivery, and payment is posted/released/payable/cleared."
2026-06-18 22:08:04 JST,6,central-automation-blueprint,Automation Blueprint,$100,One exact $100 blueprint can be delivered from public or buyer-provided non-sensitive workflow details.,"I accept the listed fixed scope and price for Automation Blueprint at $100. I understand work or private delivery starts only after seller-owned external payment proof exists; I will provide only public or buyer-owned/buyer-authorized non-sensitive inputs; and extra scope, credentials, account access, regulated advice, paid ads, publishing, ongoing support, or extra revisions are not included unless separately agreed before payment.",Automation Blueprint fixed-scope service - $100 - accepted scope or product transfer per https://jaxassistant55.github.io/jax-micro-offer-studio/automation-blueprint.html,"Hi [BUYER_NAME],

Thanks for accepting Automation Blueprint at $100.

Payment route: [SELLER_OWNED_PAYMENT_URL]
Invoice/reference: OSP-20260616-19-AUTOMATION-BLUEPRINT
Accepted scope or transfer: [ACCEPTED_SCOPE_OR_PRODUCT_TRANSFER]
Offer page: https://jaxassistant55.github.io/jax-micro-offer-studio/automation-blueprint.html
Ready-to-pay intake: https://github.com/jaxassistant55/automation-blueprint-starter/issues/new?template=ready-to-pay-automation-blueprint-starter.yml

Before I start work or privately deliver the paid files, please confirm this acceptance text:
""I accept the listed fixed scope and price for Automation Blueprint at $100. I understand work or private delivery starts only after seller-owned external payment proof exists; I will provide only public or buyer-owned/buyer-authorized non-sensitive inputs; and extra scope, credentials, account access, regulated advice, paid ads, publishing, ongoing support, or extra revisions are not included unless separately agreed before payment.""

Do not post passwords, payment cards, tax identifiers, private regulated data, credentials, or files you are not authorized to share in public. After external payment proof exists and funds are posted, released, payable, or cleared, delivery will be handled through [DELIVERY_CHANNEL].","Buyer selected Automation Blueprint and accepted the fixed $100 route. | Seller-owned payment URL or external order reference is saved. | Payment proof shows amount, date, source/platform, status, and no unresolved hold/refund/dispute. | Delivery proof and buyer acceptance or platform completion proof are saved. | Confirmed money remains $0 until funds are posted, released, payable, or cleared.","No real buyer or selected route. | Payment route is not seller-owned. | Acceptance text or accepted scope is missing. | Buyer requests credentials, unauthorized files, private regulated data in public, fake reviews, paid ads, account login work, or extra scope without a separate paid agreement. | Only evidence is a page, generated packet, issue draft, view, download, workflow run, star, fork, or IndexNow response.",https://jaxassistant55.github.io/jax-micro-offer-studio/one-sale-sample-output-gallery.html#central-automation-blueprint,Buyer receives a workflow blueprint or tracker outline ready for internal implementation.,https://github.com/jaxassistant55/automation-blueprint-starter/issues/new?template=ready-to-pay-automation-blueprint-starter.yml,https://jaxassistant55.github.io/jax-micro-offer-studio/one-sale-payment-packets.html#central-automation-blueprint,https://jaxassistant55.github.io/jax-micro-offer-studio/payment-activation,"Real buyer, accepted scope, seller-controlled external payment route, delivery proof, and posted/released/payable/cleared money.",0,"Count $0 unless a real buyer accepts scope, pays through a seller-owned external route, receives delivery, and payment is posted/released/payable/cleared."
